date,aqi
2024-12-01,142
2024-12-02,45
2024-12-03,40
2024-12-04,42
2024-12-05,45
2024-12-06,40
2024-12-07,42
2024-12-08,45
2024-12-09,40
2024-12-10,42
2024-12-11,45
2024-12-12,40
2024-12-13,42
2024-12-14,45
2024-12-15,40
2024-12-16,42
2024-12-17,45
2024-12-18,40
2024-12-19,42
2024-12-20,45
2024-12-21,40
2024-12-22,42
2024-12-23,45
2024-12-24,40
2024-12-25,42
2024-12-26,45
2024-12-27,40
2024-12-28,42
2024-12-29,45
2024-12-30,40
2024-12-31,42
2025-01-01,55
2025-01-02,40
2025-01-03,30
2025-01-04,45
2025-01-05,57
2025-01-06,58
2025-01-07,160